,date,amount,boxes_shipped,clusters,cluster,country
0,2022-01-04,5320,180,0,pink,United Kingdom
1,2022-08-01,7896,94,3,dark,India
2,2022-07-07,4501,91,0,pink,India
3,2022-04-27,12726,342,1,dark pink,Australia
4,2022-02-24,13685,184,1,dark pink,United Kingdom
5,2022-06-06,5376,38,0,pink,India
6,2022-01-25,13685,176,1,dark pink,United Kingdom
7,2022-03-24,3080,73,2,dark purple,Australia
8,2022-04-20,3990,59,0,pink,New Zealand
9,2022-07-04,2835,102,2,dark purple,Australia
10,2022-01-13,4704,62,0,pink,United Kingdom
11,2022-03-10,3703,11,0,pink,United States of America
12,2022-01-13,1442,286,2,dark purple,Canada
13,2022-07-28,168,156,2,dark purple,New Zealand
14,2022-08-03,8379,173,3,dark,New Zealand
15,2022-01-26,6790,356,0,pink,Australia
16,2022-02-14,4067,42,0,pink,Canada
17,2022-04-05,3017,140,2,dark purple,United States of America
18,2022-02-16,8799,250,3,dark,Canada
19,2022-06-08,1085,172,2,dark purple,United Kingdom
20,2022-06-27,6888,88,0,pink,Australia
21,2022-02-17,1267,157,2,dark purple,United States of America
22,2022-05-30,4753,163,0,pink,United States of America
23,2022-03-14,3003,113,2,dark purple,United Kingdom
24,2022-02-28,7672,115,3,dark,Australia
25,2022-01-26,168,321,2,dark purple,India
26,2022-02-09,1652,186,2,dark purple,Canada
27,2022-07-07,4025,112,0,pink,United States of America
28,2022-07-05,9492,151,3,dark,New Zealand
29,2022-06-15,5061,301,0,pink,New Zealand
30,2022-05-24,1722,121,2,dark purple,New Zealand
31,2022-06-29,12446,150,1,dark pink,United Kingdom
32,2022-05-11,4284,94,0,pink,Australia
33,2022-06-30,6839,133,0,pink,United Kingdom
34,2022-05-11,2163,70,2,dark purple,Canada
35,2022-07-22,9583,315,3,dark,United States of America
36,2022-08-24,2653,314,2,dark purple,United Kingdom
37,2022-07-07,147,72,2,dark purple,New Zealand
38,2022-05-19,3654,14,2,dark purple,Australia
39,2022-07-04,2443,466,2,dark purple,India
40,2022-06-02,938,16,2,dark purple,United States of America
41,2022-04-15,14749,354,1,dark pink,United States of America
42,2022-07-11,4781,241,0,pink,Canada
43,2022-02-23,6307,142,0,pink,India
44,2022-08-22,7602,102,3,dark,Canada
45,2022-02-16,6790,188,0,pink,United States of America
46,2022-01-13,9737,160,3,dark,United States of America
47,2022-02-14,6979,18,0,pink,Australia
48,2022-06-10,4382,303,0,pink,India
49,2022-07-07,5243,176,0,pink,India
50,2022-03-24,4865,70,0,pink,Canada
51,2022-06-06,8575,23,3,dark,Australia
52,2022-07-19,91,135,2,dark purple,Australia
53,2022-04-19,14798,83,1,dark pink,United States of America
54,2022-07-19,2205,179,2,dark purple,India
55,2022-07-15,441,24,2,dark purple,Canada
56,2022-02-14,3556,18,2,dark purple,New Zealand
57,2022-05-18,16482,416,1,dark pink,Canada
58,2022-06-30,15421,55,1,dark pink,Australia
59,2022-06-02,4438,227,0,pink,Australia
60,2022-06-28,1603,48,2,dark purple,Australia
61,2022-05-16,273,174,2,dark purple,Australia
62,2022-05-26,3073,302,2,dark purple,Canada
63,2022-07-06,6090,149,0,pink,India
64,2022-05-27,10255,11,3,dark,India
65,2022-04-14,2030,11,2,dark purple,Australia
66,2022-08-10,16482,14,1,dark pink,Australia
67,2022-07-04,9275,411,3,dark,India
68,2022-07-08,6181,56,0,pink,India
69,2022-07-22,9037,102,3,dark,United States of America
70,2022-03-02,12313,103,1,dark pink,United States of America
71,2022-01-10,5642,9,0,pink,United Kingdom
72,2022-03-11,2800,241,2,dark purple,New Zealand
73,2022-06-20,959,265,2,dark purple,New Zealand
74,2022-08-26,2002,214,2,dark purple,United Kingdom
75,2022-07-13,609,32,2,dark purple,Canada
76,2022-02-11,1274,244,2,dark purple,United States of America
77,2022-01-27,7595,181,3,dark,United States of America
78,2022-01-31,4725,137,0,pink,United Kingdom
79,2022-08-18,9681,24,3,dark,United States of America
80,2022-06-30,14504,21,1,dark pink,United States of America
81,2022-08-23,280,311,2,dark purple,Australia
82,2022-08-01,63,181,2,dark purple,New Zealand
83,2022-05-25,8001,10,3,dark,New Zealand
84,2022-01-10,4032,82,0,pink,Canada
85,2022-02-07,5859,108,0,pink,Australia
86,2022-05-12,11095,401,3,dark,United States of America
87,2022-03-07,7182,408,0,pink,Australia
88,2022-04-05,6881,420,0,pink,Australia
89,2022-01-03,7154,348,0,pink,Canada
90,2022-03-24,6188,270,0,pink,United Kingdom
91,2022-07-07,4221,9,0,pink,India
92,2022-07-26,630,264,2,dark purple,United States of America
93,2022-07-07,1743,111,2,dark purple,Australia
94,2022-07-15,2919,65,2,dark purple,Canada
95,2022-04-01,49,97,2,dark purple,New Zealand
96,2022-06-20,1827,6,2,dark purple,Australia
97,2022-06-29,13006,466,1,dark pink,United Kingdom
98,2022-06-15,1064,106,2,dark purple,United States of America
99,2022-04-08,11571,180,3,dark,United States of America
100,2022-03-14,5740,31,0,pink,Australia
101,2022-07-15,1456,359,2,dark purple,United States of America
102,2022-04-19,5334,80,0,pink,India
103,2022-03-28,4151,296,0,pink,United States of America
104,2022-03-04,8106,101,3,dark,Canada
105,2022-08-02,126,40,2,dark purple,New Zealand
106,2022-08-25,4697,42,0,pink,United Kingdom
107,2022-02-25,7798,167,3,dark,United States of America
108,2022-06-07,9408,138,3,dark,India
109,2022-04-12,1939,466,2,dark purple,India
110,2022-07-06,10906,94,3,dark,India
111,2022-01-19,5929,175,0,pink,United Kingdom
112,2022-01-05,5579,92,0,pink,Australia
113,2022-01-24,10927,141,3,dark,Canada
114,2022-04-06,623,283,2,dark purple,Australia
115,2022-06-15,6013,21,0,pink,Australia
116,2022-01-28,1505,47,2,dark purple,Canada
117,2022-03-16,476,125,2,dark purple,India
118,2022-02-21,11550,396,3,dark,Australia
119,2022-02-16,16482,87,1,dark pink,United States of America
120,2022-01-13,1848,27,2,dark purple,Canada
121,2022-03-23,7273,466,0,pink,Australia
122,2022-06-16,854,118,2,dark purple,Canada
123,2022-04-14,6832,46,0,pink,India
124,2022-01-25,4606,57,0,pink,United Kingdom
125,2022-03-11,4466,22,0,pink,India
126,2022-07-28,16114,96,1,dark pink,United Kingdom
127,2022-03-09,1561,44,2,dark purple,New Zealand
128,2022-06-28,8897,188,3,dark,Australia
129,2022-07-28,2464,387,2,dark purple,Australia
130,2022-08-15,4830,50,0,pink,Canada
131,2022-01-12,2765,264,2,dark purple,Australia
132,2022-03-24,7126,7,0,pink,New Zealand
133,2022-07-25,4263,90,0,pink,United Kingdom
134,2022-08-01,3605,403,2,dark purple,Canada
135,2022-05-16,16482,174,1,dark pink,India
136,2022-08-10,5103,140,0,pink,India
137,2022-01-05,2541,27,2,dark purple,India
138,2022-07-11,5663,110,0,pink,United Kingdom
139,2022-04-25,392,30,2,dark purple,United States of America
140,2022-04-04,10976,121,3,dark,New Zealand
141,2022-04-12,9282,101,3,dark,United States of America
142,2022-08-02,1827,117,2,dark purple,New Zealand
143,2022-06-28,8267,272,3,dark,New Zealand
144,2022-07-05,4116,128,0,pink,Australia
145,2022-06-07,2093,45,2,dark purple,New Zealand
146,2022-01-18,1015,27,2,dark purple,New Zealand
147,2022-01-04,12516,212,1,dark pink,Australia
148,2022-01-31,2758,18,2,dark purple,Australia
149,2022-03-14,3297,149,2,dark purple,India
150,2022-04-29,6048,466,0,pink,Australia
151,2022-02-07,10101,108,3,dark,India
152,2022-03-31,2282,178,2,dark purple,United Kingdom
153,2022-03-16,4361,81,0,pink,India
154,2022-01-25,7798,196,3,dark,United Kingdom
155,2022-06-20,3052,447,2,dark purple,India
156,2022-03-29,8029,175,3,dark,United Kingdom
157,2022-07-12,854,136,2,dark purple,Australia
158,2022-07-11,5460,138,0,pink,Canada
159,2022-01-19,3017,184,2,dark purple,Canada
160,2022-04-05,8911,82,3,dark,United States of America
161,2022-02-21,7203,12,0,pink,Canada
162,2022-05-20,13083,14,1,dark pink,New Zealand
163,2022-07-29,2779,104,2,dark purple,Australia
164,2022-01-28,9058,46,3,dark,United States of America
165,2022-07-19,3549,112,2,dark purple,United Kingdom
166,2022-04-13,9436,11,3,dark,New Zealand
167,2022-02-11,10283,21,3,dark,India
168,2022-03-02,5446,116,0,pink,New Zealand
169,2022-03-02,1043,202,2,dark purple,Australia
170,2022-07-28,12586,6,1,dark pink,United States of America
171,2022-01-07,1687,466,2,dark purple,India
172,2022-04-12,5299,167,0,pink,United Kingdom
173,2022-06-27,3213,72,2,dark purple,Canada
174,2022-01-14,5194,418,0,pink,Australia
175,2022-02-07,4753,389,0,pink,United Kingdom
176,2022-03-23,13706,26,1,dark pink,Australia
177,2022-01-10,6489,146,0,pink,India
178,2022-03-17,9324,41,3,dark,United Kingdom
179,2022-01-21,10829,54,3,dark,United States of America
180,2022-07-04,8113,370,3,dark,Australia
181,2022-07-04,3269,176,2,dark purple,Canada
182,2022-08-10,273,210,2,dark purple,United States of America
183,2022-04-01,7287,12,3,dark,Australia
184,2022-02-22,2583,159,2,dark purple,India
185,2022-01-03,9982,187,3,dark,United Kingdom
186,2022-05-31,4795,233,0,pink,India
187,2022-01-03,9310,282,3,dark,United Kingdom
188,2022-01-27,497,466,2,dark purple,New Zealand
189,2022-01-28,581,65,2,dark purple,United Kingdom
190,2022-06-28,3472,311,2,dark purple,Australia
191,2022-03-02,4333,43,0,pink,United Kingdom
192,2022-05-27,3325,26,2,dark purple,Australia
193,2022-06-30,11718,84,1,dark pink,United States of America
194,2022-06-07,2100,78,2,dark purple,Canada
195,2022-05-12,4018,100,0,pink,United States of America
196,2022-07-29,6468,66,0,pink,New Zealand
197,2022-08-03,7238,265,0,pink,United Kingdom
198,2022-08-18,6454,141,0,pink,India
199,2022-06-14,3115,42,2,dark purple,New Zealand
200,2022-06-30,6475,76,0,pink,United Kingdom
201,2022-06-13,1162,190,2,dark purple,New Zealand
202,2022-04-27,14238,54,1,dark pink,United Kingdom
203,2022-07-27,3472,32,2,dark purple,Australia
204,2022-04-20,1428,424,2,dark purple,Canada
205,2022-01-04,8064,134,3,dark,India
206,2022-02-21,9660,92,3,dark,Australia
207,2022-01-05,7357,48,3,dark,Australia
208,2022-07-15,6055,46,0,pink,India
209,2022-05-25,5124,62,0,pink,Australia
210,2022-04-20,3479,358,2,dark purple,Canada
211,2022-06-02,784,249,2,dark purple,United States of America
212,2022-05-13,16482,88,1,dark pink,United Kingdom
213,2022-08-03,1372,144,2,dark purple,New Zealand
214,2022-05-25,735,390,2,dark purple,Australia
215,2022-03-16,6538,79,0,pink,United Kingdom
216,2022-07-04,3199,122,2,dark purple,Australia
217,2022-07-05,3472,135,2,dark purple,India
218,2022-03-15,4571,430,0,pink,United States of America
219,2022-08-22,5481,69,0,pink,United Kingdom
220,2022-01-12,3136,125,2,dark purple,Australia
221,2022-06-10,252,154,2,dark purple,United Kingdom
222,2022-03-25,5460,286,0,pink,Australia
223,2022-07-27,3395,99,2,dark purple,India
224,2022-04-15,14938,433,1,dark pink,United Kingdom
225,2022-06-27,4053,19,0,pink,India
226,2022-04-14,5565,258,0,pink,United Kingdom
227,2022-03-15,7161,92,0,pink,Australia
228,2022-03-18,8883,200,3,dark,United States of America
229,2022-04-29,1351,61,2,dark purple,India
230,2022-02-25,3171,246,2,dark purple,New Zealand
231,2022-03-02,854,56,2,dark purple,United States of America
232,2022-06-20,7910,87,3,dark,Australia
233,2022-07-15,9275,173,3,dark,Canada
234,2022-05-12,3108,252,2,dark purple,Australia
235,2022-07-01,5075,256,0,pink,New Zealand
236,2022-08-08,378,54,2,dark purple,United States of America
237,2022-07-25,7350,6,3,dark,Australia
238,2022-05-18,3388,55,2,dark purple,United Kingdom
239,2022-07-15,11837,277,1,dark pink,India
240,2022-07-05,2282,44,2,dark purple,India
241,2022-07-04,5425,96,0,pink,United States of America
242,2022-06-20,1267,216,2,dark purple,United Kingdom
243,2022-01-25,3752,424,0,pink,Australia
244,2022-07-01,7728,37,3,dark,New Zealand
245,2022-04-13,2296,59,2,dark purple,United States of America
246,2022-05-04,4403,76,0,pink,United Kingdom
247,2022-08-04,3192,109,2,dark purple,Australia
248,2022-06-01,448,146,2,dark purple,India
249,2022-04-22,4270,185,0,pink,United Kingdom
250,2022-08-03,70,27,2,dark purple,United States of America
251,2022-06-10,1743,69,2,dark purple,United States of America
252,2022-06-27,6762,46,0,pink,United Kingdom
253,2022-01-03,3745,170,0,pink,Australia
254,2022-07-11,2639,179,2,dark purple,India
255,2022-08-17,4389,126,0,pink,New Zealand
256,2022-01-18,2604,65,2,dark purple,United States of America
257,2022-03-08,16482,99,1,dark pink,India
258,2022-03-07,14658,275,1,dark pink,Australia
259,2022-05-09,6454,157,0,pink,India
260,2022-05-23,2100,157,2,dark purple,New Zealand
261,2022-04-15,161,145,2,dark purple,United Kingdom
262,2022-07-27,2807,139,2,dark purple,Australia
263,2022-08-22,2639,406,2,dark purple,Canada
264,2022-05-11,4571,122,0,pink,United States of America
265,2022-01-26,4781,38,0,pink,India
266,2022-04-14,13034,117,1,dark pink,United States of America
267,2022-04-05,6454,417,0,pink,New Zealand
268,2022-06-14,8484,57,3,dark,New Zealand
269,2022-04-13,4781,125,0,pink,Canada
270,2022-06-27,2240,166,2,dark purple,Australia
271,2022-01-26,6979,3,0,pink,Australia
272,2022-07-05,1652,72,2,dark purple,United Kingdom
273,2022-01-11,13447,95,1,dark pink,Canada
274,2022-03-07,9422,22,3,dark,United States of America
275,2022-03-04,8687,100,3,dark,Canada
276,2022-07-15,2415,312,2,dark purple,Canada
277,2022-05-11,6272,86,0,pink,United Kingdom
278,2022-01-27,4389,7,0,pink,United States of America
279,2022-06-27,3122,149,2,dark purple,India
280,2022-08-03,8043,18,3,dark,India
281,2022-08-19,11662,242,1,dark pink,New Zealand
282,2022-06-15,392,102,2,dark purple,Australia
283,2022-02-07,8925,158,3,dark,United Kingdom
284,2022-07-08,7294,128,3,dark,Australia
285,2022-04-21,1526,96,2,dark purple,India
286,2022-04-08,2688,209,2,dark purple,United Kingdom
287,2022-08-19,14889,52,1,dark pink,Australia
288,2022-05-04,2912,55,2,dark purple,India
289,2022-05-11,2632,108,2,dark purple,United States of America
290,2022-03-22,6328,51,0,pink,United States of America
291,2022-08-10,2527,216,2,dark purple,Canada
292,2022-05-04,1414,318,2,dark purple,United States of America
293,2022-08-18,7714,238,3,dark,United States of America
294,2022-08-03,4347,238,0,pink,Canada
295,2022-01-14,7490,315,3,dark,New Zealand
296,2022-04-08,2058,72,2,dark purple,Australia
297,2022-08-01,3640,3,2,dark purple,United Kingdom
298,2022-03-15,455,45,2,dark purple,Canada
299,2022-07-15,10990,184,3,dark,India
300,2022-01-13,5558,127,0,pink,New Zealand
301,2022-08-26,2541,53,2,dark purple,Australia
302,2022-01-10,1876,172,2,dark purple,Canada
303,2022-05-11,5523,87,0,pink,Australia
304,2022-08-30,11200,22,3,dark,New Zealand
305,2022-07-21,5593,122,0,pink,United States of America
306,2022-08-01,7882,125,3,dark,Australia
307,2022-02-17,10241,259,3,dark,Canada
308,2022-07-27,6832,156,0,pink,Australia
309,2022-02-23,1379,107,2,dark purple,United States of America
310,2022-03-22,3010,40,2,dark purple,Australia
311,2022-06-23,6888,311,0,pink,India
312,2022-02-01,1540,73,2,dark purple,United Kingdom
313,2022-03-02,6916,288,0,pink,Australia
314,2022-04-06,1232,86,2,dark purple,United Kingdom
315,2022-03-17,602,72,2,dark purple,Australia
316,2022-06-24,10927,136,3,dark,United Kingdom
317,2022-07-19,10185,303,3,dark,Canada
318,2022-07-11,1603,264,2,dark purple,United States of America
319,2022-01-13,2170,218,2,dark purple,India
320,2022-07-07,8673,60,3,dark,New Zealand
321,2022-05-25,4760,418,0,pink,India
322,2022-04-13,4753,151,0,pink,India
323,2022-03-02,3374,202,2,dark purple,New Zealand
324,2022-06-23,2058,126,2,dark purple,Canada
325,2022-07-26,6454,160,0,pink,United States of America
326,2022-03-22,420,3,2,dark purple,Canada
327,2022-06-09,2863,58,2,dark purple,United States of America
328,2022-05-17,5936,59,0,pink,Australia
329,2022-03-04,889,273,2,dark purple,New Zealand
330,2022-07-07,16016,28,1,dark pink,Canada
331,2022-01-13,10479,118,3,dark,Canada
332,2022-07-13,2912,75,2,dark purple,Australia
333,2022-06-16,1575,329,2,dark purple,Australia
334,2022-07-18,8197,69,3,dark,United Kingdom
335,2022-05-30,4221,395,0,pink,United Kingdom
336,2022-06-21,840,81,2,dark purple,United Kingdom
337,2022-06-24,5691,38,0,pink,Australia
338,2022-01-13,3472,96,2,dark purple,India
339,2022-04-04,4193,195,0,pink,Canada
340,2022-06-08,9016,466,3,dark,United Kingdom
341,2022-08-02,6328,47,0,pink,Canada
342,2022-07-21,9870,152,3,dark,United States of America
343,2022-06-20,161,134,2,dark purple,India
344,2022-06-22,2576,112,2,dark purple,India
345,2022-05-02,3178,16,2,dark purple,Australia
346,2022-01-07,4676,84,0,pink,Australia
347,2022-02-21,5502,99,0,pink,United Kingdom
348,2022-03-21,7462,371,3,dark,Canada
349,2022-04-04,5803,136,0,pink,United Kingdom
350,2022-03-24,13888,203,1,dark pink,Canada
351,2022-06-28,6867,183,0,pink,New Zealand
352,2022-01-14,2317,195,2,dark purple,Australia
353,2022-02-07,1218,135,2,dark purple,New Zealand
354,2022-01-11,4109,197,0,pink,New Zealand
355,2022-02-25,1953,242,2,dark purple,India
356,2022-08-01,6790,25,0,pink,Australia
357,2022-05-05,6797,252,0,pink,Australia
358,2022-05-18,9226,415,3,dark,New Zealand
359,2022-01-04,5733,348,0,pink,New Zealand
360,2022-05-09,4312,211,0,pink,New Zealand
361,2022-05-06,1638,81,2,dark purple,India
362,2022-01-13,10815,145,3,dark,United Kingdom
363,2022-06-24,4466,74,0,pink,Australia
364,2022-02-14,987,21,2,dark purple,United States of America
365,2022-01-18,4669,101,0,pink,Australia
366,2022-05-02,2905,91,2,dark purple,India
367,2022-05-16,7490,54,3,dark,Australia
368,2022-01-28,6986,368,0,pink,United States of America
369,2022-06-24,1288,409,2,dark purple,Canada
370,2022-07-18,2345,104,2,dark purple,United Kingdom
371,2022-04-13,3619,164,2,dark purple,United Kingdom
372,2022-04-15,16482,76,1,dark pink,United States of America
373,2022-01-04,8092,178,3,dark,India
374,2022-07-04,6993,31,0,pink,Australia
375,2022-03-24,2317,352,2,dark purple,United States of America
376,2022-03-17,637,169,2,dark purple,Australia
377,2022-02-15,6034,223,0,pink,Australia
378,2022-06-29,980,146,2,dark purple,United States of America
379,2022-05-24,2821,112,2,dark purple,United States of America
380,2022-01-10,3563,284,2,dark purple,United Kingdom
381,2022-03-15,2996,139,2,dark purple,United States of America
382,2022-02-08,2436,309,2,dark purple,Canada
383,2022-02-25,1540,100,2,dark purple,India
384,2022-05-03,6916,42,0,pink,United States of America
385,2022-06-14,5509,24,0,pink,United States of America
386,2022-08-09,12992,83,1,dark pink,India
387,2022-07-11,3724,234,0,pink,New Zealand
388,2022-01-14,7133,118,0,pink,United Kingdom
389,2022-02-24,8617,46,3,dark,Canada
390,2022-03-15,9198,144,3,dark,New Zealand
391,2022-04-25,11823,47,1,dark pink,New Zealand
392,2022-05-10,5775,41,0,pink,Australia
393,2022-06-23,13125,275,1,dark pink,Australia
394,2022-02-28,14287,370,1,dark pink,Canada
395,2022-05-25,16233,138,1,dark pink,United States of America
396,2022-02-22,5313,215,0,pink,New Zealand
397,2022-07-11,3577,134,2,dark purple,United Kingdom
398,2022-01-03,3528,336,2,dark purple,Canada
399,2022-08-24,679,280,2,dark purple,New Zealand
400,2022-07-28,2450,352,2,dark purple,United States of America
401,2022-05-25,10577,150,3,dark,United States of America
402,2022-05-06,2597,177,2,dark purple,New Zealand
403,2022-01-28,2219,142,2,dark purple,India
404,2022-06-06,11319,12,3,dark,United Kingdom
405,2022-07-12,5978,24,0,pink,New Zealand
406,2022-08-05,5327,183,0,pink,Canada
407,2022-01-28,6020,147,0,pink,United States of America
408,2022-08-31,5614,137,0,pink,India
409,2022-04-19,1736,13,2,dark purple,United States of America
410,2022-06-29,6384,2,0,pink,United Kingdom
411,2022-02-24,3577,261,2,dark purple,India
412,2022-03-04,14539,84,1,dark pink,United Kingdom
413,2022-06-21,3493,68,2,dark purple,India
414,2022-01-26,994,105,2,dark purple,Australia
415,2022-06-10,4361,40,0,pink,New Zealand
416,2022-05-23,1554,65,2,dark purple,United Kingdom
417,2022-04-15,966,107,2,dark purple,India
418,2022-01-31,5334,227,0,pink,New Zealand
419,2022-03-04,4935,39,0,pink,New Zealand
420,2022-04-19,10024,84,3,dark,New Zealand
421,2022-05-16,2506,100,2,dark purple,United Kingdom
422,2022-02-17,1043,120,2,dark purple,Australia
423,2022-01-18,6524,257,0,pink,United States of America
424,2022-02-09,8148,85,3,dark,Canada
425,2022-03-23,3577,178,2,dark purple,Canada
426,2022-02-01,3374,151,2,dark purple,New Zealand
427,2022-03-07,3948,142,0,pink,India
428,2022-01-03,3269,226,2,dark purple,United Kingdom
429,2022-02-11,5271,341,0,pink,United States of America
430,2022-03-16,4571,140,0,pink,New Zealand
431,2022-08-15,12327,330,1,dark pink,India
432,2022-05-12,4935,73,0,pink,India
433,2022-04-11,6167,4,0,pink,India
434,2022-06-30,16482,285,1,dark pink,New Zealand
435,2022-06-15,7014,60,0,pink,New Zealand
436,2022-08-01,7119,101,0,pink,Canada
437,2022-06-15,15491,58,1,dark pink,United States of America
438,2022-06-16,5747,45,0,pink,India
439,2022-05-13,4550,281,0,pink,New Zealand
440,2022-05-10,2191,138,2,dark purple,United States of America
441,2022-08-25,5663,322,0,pink,India
442,2022-07-15,7623,85,3,dark,New Zealand
443,2022-05-16,9023,409,3,dark,United Kingdom
444,2022-06-14,3402,182,2,dark purple,Australia
445,2022-01-25,10507,466,3,dark,Australia
446,2022-07-28,7721,14,3,dark,United States of America
447,2022-01-28,5033,178,0,pink,Canada
448,2022-06-29,1960,191,2,dark purple,United Kingdom
449,2022-06-24,238,317,2,dark purple,Australia
450,2022-07-01,7756,410,3,dark,Canada
451,2022-02-25,1736,137,2,dark purple,United States of America
452,2022-08-01,2660,12,2,dark purple,Canada
453,2022-06-21,7672,254,3,dark,Australia
454,2022-01-25,11564,24,3,dark,New Zealand
455,2022-05-17,1365,232,2,dark purple,United Kingdom
456,2022-08-23,4186,233,0,pink,Australia
457,2022-03-03,7406,118,3,dark,Australia
458,2022-05-30,8911,466,3,dark,India
459,2022-06-29,112,223,2,dark purple,United States of America
460,2022-01-04,8204,204,3,dark,Canada
461,2022-01-14,2611,65,2,dark purple,Australia
462,2022-02-15,15652,53,1,dark pink,United States of America
463,2022-01-10,4074,466,0,pink,New Zealand
464,2022-05-04,12250,213,1,dark pink,United States of America
465,2022-05-23,2366,5,2,dark purple,United States of America
466,2022-04-26,1687,147,2,dark purple,New Zealand
467,2022-07-05,1232,74,2,dark purple,Canada
468,2022-07-21,6965,163,0,pink,United Kingdom
469,2022-02-21,5292,248,0,pink,United States of America
470,2022-02-03,1379,138,2,dark purple,United States of America
471,2022-07-08,8001,151,3,dark,Australia
472,2022-05-31,588,139,2,dark purple,India
473,2022-06-27,4046,103,0,pink,New Zealand
474,2022-05-13,5103,129,0,pink,India
475,2022-05-31,2317,102,2,dark purple,United States of America
476,2022-02-28,7042,37,0,pink,United States of America
477,2022-03-28,6713,31,0,pink,New Zealand
478,2022-01-14,1848,227,2,dark purple,United States of America
479,2022-02-21,6440,145,0,pink,New Zealand
480,2022-08-01,10885,90,3,dark,Canada
481,2022-05-19,2387,59,2,dark purple,New Zealand
482,2022-07-13,2030,60,2,dark purple,United States of America
483,2022-04-20,6678,148,0,pink,Australia
484,2022-06-30,4515,22,0,pink,India
485,2022-03-08,3374,142,2,dark purple,United Kingdom
486,2022-03-09,5852,93,0,pink,United States of America
487,2022-06-16,1750,208,2,dark purple,Canada
488,2022-06-30,5782,42,0,pink,United Kingdom
489,2022-07-28,2870,120,2,dark purple,India
490,2022-08-12,3094,159,2,dark purple,Canada
491,2022-07-07,3724,316,0,pink,United Kingdom
492,2022-08-25,12761,47,1,dark pink,United States of America
493,2022-01-17,3696,233,0,pink,Canada
494,2022-03-04,5222,384,0,pink,Australia
495,2022-08-25,8939,4,3,dark,New Zealand
496,2022-04-15,2156,260,2,dark purple,United Kingdom
497,2022-03-11,2380,22,2,dark purple,United States of America
498,2022-05-20,3339,18,2,dark purple,United States of America
499,2022-06-14,14980,42,1,dark pink,New Zealand
500,2022-04-14,1512,73,2,dark purple,New Zealand
501,2022-07-07,6657,154,0,pink,United States of America
502,2022-08-24,3836,71,0,pink,India
503,2022-02-24,8771,127,3,dark,India
504,2022-05-09,651,224,2,dark purple,Canada
505,2022-02-08,6706,223,0,pink,Australia
506,2022-03-24,1421,284,2,dark purple,United Kingdom
507,2022-06-20,8526,73,3,dark,United States of America
508,2022-03-07,1435,112,2,dark purple,Canada
509,2022-06-20,7434,85,3,dark,Australia
510,2022-02-17,15316,270,1,dark pink,New Zealand
511,2022-01-26,10479,45,3,dark,United Kingdom
512,2022-05-02,2751,153,2,dark purple,Australia
513,2022-07-07,12586,7,1,dark pink,Canada
514,2022-08-22,2786,51,2,dark purple,Australia
515,2022-08-11,2303,67,2,dark purple,Australia
516,2022-01-13,8113,194,3,dark,United Kingdom
517,2022-03-02,12271,116,1,dark pink,Australia
518,2022-07-27,11298,41,3,dark,Australia
519,2022-03-10,15855,111,1,dark pink,New Zealand
520,2022-08-23,12404,334,1,dark pink,United States of America
521,2022-04-25,3990,155,0,pink,United States of America
522,2022-03-07,10808,407,3,dark,United Kingdom
523,2022-07-12,4858,52,0,pink,United Kingdom
524,2022-05-16,7742,138,3,dark,United States of America
525,2022-03-02,3752,70,0,pink,India
526,2022-05-30,1218,149,2,dark purple,New Zealand
527,2022-06-10,10983,179,3,dark,United Kingdom
528,2022-07-25,6769,353,0,pink,United States of America
529,2022-06-09,4361,97,0,pink,New Zealand
530,2022-05-12,777,60,2,dark purple,United States of America
531,2022-05-09,3843,5,0,pink,United States of America
532,2022-08-09,6930,182,0,pink,Canada
533,2022-04-13,5733,114,0,pink,India
534,2022-05-02,8393,46,3,dark,United States of America
535,2022-08-09,3822,320,0,pink,United States of America
536,2022-08-23,6342,178,0,pink,Australia
537,2022-05-13,6510,170,0,pink,India
538,2022-02-01,10171,67,3,dark,United States of America
539,2022-06-23,5908,301,0,pink,United States of America
540,2022-05-24,10164,134,3,dark,United Kingdom
541,2022-04-01,1064,211,2,dark purple,Canada
542,2022-07-27,9716,151,3,dark,Canada
543,2022-01-27,16482,208,1,dark pink,India
544,2022-08-12,2541,134,2,dark purple,India
545,2022-02-01,9989,49,3,dark,Canada
546,2022-03-02,4739,204,0,pink,India
547,2022-06-30,3185,34,2,dark purple,Australia
548,2022-01-17,8225,91,3,dark,Australia
549,2022-07-07,14301,130,1,dark pink,United States of America
550,2022-01-31,1316,107,2,dark purple,New Zealand
551,2022-08-10,3486,121,2,dark purple,United Kingdom
552,2022-08-18,13930,339,1,dark pink,United States of America
553,2022-06-15,5509,321,0,pink,New Zealand
554,2022-01-26,8470,9,3,dark,United States of America
555,2022-04-29,77,69,2,dark purple,United States of America
556,2022-03-03,3381,72,2,dark purple,Canada
557,2022-02-22,4102,392,0,pink,Australia
558,2022-03-04,3577,158,2,dark purple,United States of America
559,2022-07-07,2975,9,2,dark purple,India
560,2022-06-17,4137,347,0,pink,New Zealand
561,2022-08-02,9541,114,3,dark,Canada
562,2022-08-12,8001,120,3,dark,United States of America
563,2022-01-28,5152,333,0,pink,New Zealand
564,2022-04-29,11116,432,3,dark,Australia
565,2022-04-05,13076,236,1,dark pink,Australia
566,2022-01-18,10213,135,3,dark,Canada
567,2022-05-16,2485,97,2,dark purple,United Kingdom
568,2022-08-24,8715,168,3,dark,Australia
569,2022-01-18,273,402,2,dark purple,India
570,2022-08-22,7623,10,3,dark,United States of America
571,2022-03-07,7,84,2,dark purple,United Kingdom
572,2022-03-04,3010,69,2,dark purple,United Kingdom
573,2022-04-22,11550,111,3,dark,Canada
574,2022-06-09,4046,89,0,pink,Australia
575,2022-07-25,8904,199,3,dark,Canada
576,2022-08-03,11298,89,3,dark,India
577,2022-08-03,4396,131,0,pink,Australia
578,2022-05-03,12068,227,1,dark pink,United Kingdom
579,2022-01-19,9772,301,3,dark,Canada
580,2022-02-11,10458,316,3,dark,United States of America
581,2022-06-14,6426,390,0,pink,India
582,2022-03-23,6188,223,0,pink,United States of America
583,2022-02-17,7504,101,3,dark,Canada
584,2022-03-17,1750,466,2,dark purple,Canada
585,2022-06-29,5439,287,0,pink,Australia
586,2022-08-24,15547,269,1,dark pink,Canada
587,2022-07-04,11956,277,1,dark pink,Canada
588,2022-03-28,2723,67,2,dark purple,New Zealand
589,2022-04-19,16482,135,1,dark pink,India
590,2022-01-18,9058,229,3,dark,New Zealand
591,2022-01-17,2996,88,2,dark purple,New Zealand
592,2022-02-15,8848,211,3,dark,New Zealand
593,2022-02-11,14336,293,1,dark pink,United Kingdom
594,2022-03-21,16401,179,1,dark pink,United States of America
595,2022-01-05,5173,129,0,pink,New Zealand
596,2022-05-30,6328,164,0,pink,India
597,2022-01-04,2534,219,2,dark purple,United States of America
598,2022-04-22,1435,258,2,dark purple,Australia
599,2022-02-10,3052,116,2,dark purple,Canada
600,2022-08-12,910,204,2,dark purple,India
601,2022-08-10,2331,321,2,dark purple,United States of America
602,2022-06-07,679,56,2,dark purple,Australia
603,2022-06-06,2086,74,2,dark purple,India
604,2022-04-05,5012,189,0,pink,New Zealand
605,2022-04-18,4501,131,0,pink,United States of America
606,2022-01-31,13482,15,1,dark pink,India
607,2022-08-22,5621,140,0,pink,United States of America
608,2022-02-25,10486,198,3,dark,Australia
609,2022-02-22,16482,103,1,dark pink,Australia
610,2022-01-12,4494,187,0,pink,New Zealand
611,2022-05-25,105,125,2,dark purple,United Kingdom
612,2022-02-01,2464,8,2,dark purple,India
613,2022-04-27,1379,70,2,dark purple,United Kingdom
614,2022-07-22,2583,126,2,dark purple,United States of America
615,2022-01-26,3220,265,2,dark purple,New Zealand
616,2022-08-24,4802,296,0,pink,United States of America
617,2022-01-18,5677,21,0,pink,New Zealand
618,2022-03-30,945,83,2,dark purple,India
619,2022-01-17,8757,162,3,dark,Australia
620,2022-02-17,4816,145,0,pink,United States of America
621,2022-04-08,7532,44,3,dark,Canada
622,2022-07-06,3549,82,2,dark purple,Canada
623,2022-04-04,4340,226,0,pink,India
624,2022-03-02,1799,207,2,dark purple,New Zealand
625,2022-08-09,1127,176,2,dark purple,New Zealand
626,2022-06-09,10038,286,3,dark,Australia
627,2022-06-02,2926,300,2,dark purple,United Kingdom
628,2022-07-05,6279,235,0,pink,United States of America
629,2022-08-11,308,125,2,dark purple,Canada
630,2022-02-11,3500,145,2,dark purple,India
631,2022-08-11,658,65,2,dark purple,New Zealand
632,2022-05-12,12565,102,1,dark pink,Australia
633,2022-07-15,5012,93,0,pink,United States of America
634,2022-01-18,3955,134,0,pink,India
635,2022-01-05,8512,189,3,dark,United Kingdom
636,2022-06-29,504,232,2,dark purple,Australia
637,2022-06-14,2800,45,2,dark purple,Canada
638,2022-08-08,4256,67,0,pink,India
639,2022-03-23,13573,138,1,dark pink,India
640,2022-01-04,6566,99,0,pink,India
641,2022-02-22,13503,251,1,dark pink,India
642,2022-02-17,8680,252,3,dark,United Kingdom
643,2022-02-03,385,78,2,dark purple,United States of America
644,2022-03-17,1267,130,2,dark purple,Canada
645,2022-01-25,2961,154,2,dark purple,Australia
646,2022-07-27,1981,52,2,dark purple,Australia
647,2022-01-28,7959,53,3,dark,Australia
648,2022-07-05,10794,50,3,dark,Australia
649,2022-03-15,1897,44,2,dark purple,India
650,2022-08-04,2744,200,2,dark purple,Canada
651,2022-06-27,4382,361,0,pink,United States of America
652,2022-07-13,4515,172,0,pink,Canada
653,2022-02-24,5474,239,0,pink,New Zealand
654,2022-06-28,6069,55,0,pink,New Zealand
655,2022-06-30,6944,27,0,pink,Australia
656,2022-08-18,5859,7,0,pink,Canada
657,2022-01-24,12173,301,1,dark pink,India
658,2022-03-11,5292,134,0,pink,United States of America
659,2022-06-23,5705,350,0,pink,New Zealand
660,2022-08-22,2492,33,2,dark purple,India
661,2022-01-04,3024,23,2,dark purple,Canada
662,2022-04-05,3437,201,2,dark purple,India
663,2022-04-15,1869,323,2,dark purple,India
664,2022-05-11,3171,220,2,dark purple,Australia
665,2022-07-21,4858,466,0,pink,Canada
666,2022-02-11,1225,84,2,dark purple,New Zealand
667,2022-07-08,1155,79,2,dark purple,Canada
668,2022-08-11,6811,344,0,pink,United Kingdom
669,2022-08-04,6433,7,0,pink,New Zealand
670,2022-06-14,8169,88,3,dark,New Zealand
671,2022-01-17,2275,275,2,dark purple,United Kingdom
672,2022-06-23,3857,466,0,pink,Canada
673,2022-08-24,1463,113,2,dark purple,United Kingdom
674,2022-06-07,7924,275,3,dark,United Kingdom
675,2022-06-22,8799,47,3,dark,United Kingdom
676,2022-07-13,2898,276,2,dark purple,United States of America
677,2022-05-24,9506,212,3,dark,United Kingdom
678,2022-08-09,7175,145,0,pink,New Zealand
679,2022-04-06,1729,31,2,dark purple,Canada
680,2022-07-28,1589,271,2,dark purple,New Zealand
681,2022-08-24,630,52,2,dark purple,New Zealand
682,2022-01-17,112,128,2,dark purple,Australia
683,2022-02-07,5187,142,0,pink,United States of America
684,2022-05-09,6223,256,0,pink,Australia
685,2022-06-06,7714,106,3,dark,New Zealand
686,2022-06-06,9457,6,3,dark,United States of America
687,2022-05-24,6678,226,0,pink,New Zealand
688,2022-01-13,2107,121,2,dark purple,United Kingdom
689,2022-05-23,6069,151,0,pink,United States of America
690,2022-06-29,1862,284,2,dark purple,United Kingdom
691,2022-03-11,6972,89,0,pink,New Zealand
692,2022-04-25,10220,466,3,dark,United States of America
693,2022-05-30,3969,243,0,pink,Australia
694,2022-05-23,1547,170,2,dark purple,India
695,2022-05-23,1162,18,2,dark purple,United States of America
696,2022-06-24,6342,282,0,pink,Canada
697,2022-03-11,10633,277,3,dark,New Zealand
698,2022-07-27,15057,212,1,dark pink,United States of America
699,2022-08-16,4704,126,0,pink,United States of America
700,2022-03-07,9338,11,3,dark,Canada
701,2022-04-05,7959,30,3,dark,New Zealand
702,2022-05-04,9023,51,3,dark,India
703,2022-01-04,14525,92,1,dark pink,United States of America
704,2022-01-13,5810,101,0,pink,Australia
705,2022-07-11,6426,98,0,pink,New Zealand
706,2022-05-17,4403,159,0,pink,Australia
707,2022-07-21,1582,62,2,dark purple,New Zealand
708,2022-02-22,791,22,2,dark purple,Canada
709,2022-05-23,9100,187,3,dark,India
710,2022-07-12,9884,200,3,dark,Canada
711,2022-06-15,3780,201,0,pink,United Kingdom
712,2022-06-23,4557,308,0,pink,New Zealand
713,2022-03-25,5796,55,0,pink,Australia
714,2022-07-04,84,153,2,dark purple,India
715,2022-05-12,9037,101,3,dark,United Kingdom
716,2022-04-04,4746,137,0,pink,New Zealand
717,2022-04-15,6713,398,0,pink,Australia
718,2022-03-08,6237,88,0,pink,Canada
719,2022-01-17,7483,232,3,dark,India
720,2022-08-22,1309,51,2,dark purple,India
721,2022-07-25,1155,66,2,dark purple,United Kingdom
722,2022-06-14,2989,124,2,dark purple,United Kingdom
723,2022-04-05,9625,78,3,dark,India
724,2022-08-26,7357,341,3,dark,United Kingdom
725,2022-08-03,10031,114,3,dark,Australia
726,2022-07-11,6587,4,0,pink,Canada
727,2022-03-11,3311,22,2,dark purple,New Zealand
728,2022-01-10,15330,30,1,dark pink,United Kingdom
729,2022-04-04,14028,351,1,dark pink,United Kingdom
730,2022-01-17,6678,466,0,pink,Australia
731,2022-07-08,8624,50,3,dark,New Zealand
732,2022-04-12,1197,356,2,dark purple,United Kingdom
733,2022-08-24,483,185,2,dark purple,Canada
734,2022-06-07,1687,236,2,dark purple,United Kingdom
735,2022-07-28,1309,30,2,dark purple,Canada
736,2022-02-21,9534,111,3,dark,United States of America
737,2022-04-08,1694,289,2,dark purple,Canada
738,2022-06-28,70,103,2,dark purple,United Kingdom
739,2022-03-24,2443,20,2,dark purple,United Kingdom
740,2022-07-29,2933,55,2,dark purple,Australia
741,2022-05-25,2044,90,2,dark purple,United States of America
742,2022-03-30,6524,303,0,pink,Australia
743,2022-07-18,12656,126,1,dark pink,United States of America
744,2022-05-10,8722,109,3,dark,Canada
745,2022-03-18,15750,92,1,dark pink,Australia
746,2022-06-15,6839,56,0,pink,India
747,2022-05-12,13685,58,1,dark pink,Canada
748,2022-06-23,2912,110,2,dark purple,New Zealand
749,2022-04-21,3339,171,2,dark purple,India
750,2022-08-17,910,117,2,dark purple,Australia
751,2022-02-07,16482,51,1,dark pink,New Zealand
752,2022-03-17,8099,118,3,dark,Canada
753,2022-08-01,13727,79,1,dark pink,India
754,2022-03-18,8659,29,3,dark,Australia
755,2022-06-14,5782,103,0,pink,Canada
756,2022-04-22,8463,155,3,dark,United Kingdom
757,2022-01-18,4914,31,0,pink,New Zealand
758,2022-08-26,3087,128,2,dark purple,Australia
759,2022-06-10,9205,419,3,dark,New Zealand
760,2022-01-31,2303,7,2,dark purple,Canada
761,2022-04-08,1358,106,2,dark purple,New Zealand
762,2022-06-07,3605,68,2,dark purple,Australia
763,2022-02-10,8498,44,3,dark,Australia
764,2022-05-16,700,457,2,dark purple,Australia
765,2022-03-18,2191,466,2,dark purple,India
766,2022-07-13,644,137,2,dark purple,Australia
767,2022-07-25,4340,86,0,pink,United States of America
768,2022-08-19,2282,296,2,dark purple,Canada
769,2022-06-24,7714,466,3,dark,Canada
770,2022-06-20,826,149,2,dark purple,Canada
771,2022-08-02,203,207,2,dark purple,India
772,2022-02-22,13356,93,1,dark pink,New Zealand
773,2022-02-01,6510,23,0,pink,New Zealand
774,2022-02-14,5894,305,0,pink,Canada
775,2022-02-24,7910,125,3,dark,Australia
776,2022-03-18,784,129,2,dark purple,India
777,2022-08-30,1750,252,2,dark purple,United Kingdom
778,2022-05-09,280,75,2,dark purple,United States of America
779,2022-01-18,504,87,2,dark purple,United States of America
780,2022-07-04,7154,342,0,pink,India
781,2022-06-03,1617,13,2,dark purple,New Zealand
782,2022-02-23,10822,30,3,dark,New Zealand
783,2022-05-09,10724,203,3,dark,New Zealand
784,2022-06-06,3640,106,2,dark purple,India
785,2022-07-04,7532,234,3,dark,India
786,2022-06-06,1582,100,2,dark purple,New Zealand
787,2022-05-13,1456,91,2,dark purple,Australia
788,2022-01-31,2016,277,2,dark purple,New Zealand
789,2022-06-30,7588,42,3,dark,New Zealand
790,2022-08-25,3402,249,2,dark purple,Canada
791,2022-01-10,700,97,2,dark purple,New Zealand
792,2022-08-22,1904,8,2,dark purple,United States of America
793,2022-04-14,4844,275,0,pink,New Zealand
794,2022-05-31,9625,313,3,dark,United Kingdom
795,2022-04-08,4599,323,0,pink,United Kingdom
796,2022-02-21,3003,155,2,dark purple,United States of America
797,2022-03-30,9744,377,3,dark,Australia
798,2022-03-02,1400,2,2,dark purple,India
799,2022-07-28,364,170,2,dark purple,United States of America
800,2022-03-24,7231,38,0,pink,New Zealand
801,2022-08-11,63,105,2,dark purple,Australia
802,2022-05-17,8309,166,3,dark,United Kingdom
803,2022-05-18,3164,164,2,dark purple,Canada
804,2022-08-17,5691,171,0,pink,United Kingdom
805,2022-04-04,490,49,2,dark purple,New Zealand
806,2022-08-09,16482,205,1,dark pink,India
807,2022-01-17,637,313,2,dark purple,New Zealand
808,2022-02-14,4067,29,0,pink,Canada
809,2022-05-16,8204,307,3,dark,New Zealand
810,2022-03-16,9870,121,3,dark,Canada
811,2022-01-31,5131,285,0,pink,Canada
812,2022-03-10,1141,205,2,dark purple,Canada
813,2022-06-30,7980,157,3,dark,United Kingdom
814,2022-03-01,5229,182,0,pink,New Zealand
815,2022-05-27,3423,100,2,dark purple,United Kingdom
816,2022-07-11,6468,223,0,pink,United Kingdom
817,2022-03-02,4326,61,0,pink,New Zealand
818,2022-03-04,7154,133,0,pink,United States of America
819,2022-06-23,3997,228,0,pink,United Kingdom
820,2022-01-27,5180,233,0,pink,United States of America
821,2022-01-14,2723,425,2,dark purple,Canada
822,2022-07-29,952,24,2,dark purple,India
823,2022-05-13,5691,466,0,pink,Canada
824,2022-02-03,10969,170,3,dark,Canada
825,2022-05-27,5964,26,0,pink,India
826,2022-02-18,2821,24,2,dark purple,Australia
827,2022-01-28,1302,33,2,dark purple,India
828,2022-06-29,5474,109,0,pink,United Kingdom
829,2022-01-13,4179,276,0,pink,India
830,2022-06-27,1946,164,2,dark purple,United Kingdom
831,2022-03-29,4291,1,0,pink,Canada
832,2022-06-03,7196,160,0,pink,India
833,2022-03-21,1939,98,2,dark purple,Canada
834,2022-04-12,10437,46,3,dark,India
835,2022-01-19,6916,259,0,pink,Australia
836,2022-04-06,3647,310,2,dark purple,United Kingdom
837,2022-08-02,8995,78,3,dark,Australia
838,2022-04-12,7252,136,0,pink,Australia
839,2022-07-21,16380,130,1,dark pink,India
840,2022-03-22,9660,24,3,dark,New Zealand
841,2022-05-09,4522,5,0,pink,India
842,2022-08-09,329,109,2,dark purple,Australia
843,2022-07-20,3458,294,2,dark purple,Canada
844,2022-04-14,4641,413,0,pink,India
845,2022-01-25,4627,136,0,pink,Canada
846,2022-04-25,3192,175,2,dark purple,Australia
847,2022-01-17,252,237,2,dark purple,Canada
848,2022-08-15,868,125,2,dark purple,United States of America
849,2022-06-02,210,16,2,dark purple,Canada
850,2022-06-30,7007,135,0,pink,United States of America
851,2022-02-10,5845,91,0,pink,New Zealand
852,2022-02-23,1372,466,2,dark purple,Canada
853,2022-01-27,8428,216,3,dark,India
854,2022-05-26,4977,317,0,pink,United Kingdom
855,2022-04-14,1694,21,2,dark purple,United States of America
856,2022-08-01,4326,154,0,pink,Australia
857,2022-08-22,9527,222,3,dark,Australia
858,2022-07-22,10766,157,3,dark,India
859,2022-04-28,1288,27,2,dark purple,United States of America
860,2022-05-30,4879,350,0,pink,Australia
861,2022-07-21,2408,157,2,dark purple,United States of America
862,2022-08-02,3094,466,2,dark purple,United Kingdom
863,2022-06-15,7231,130,0,pink,New Zealand
864,2022-07-05,8981,130,3,dark,India
865,2022-04-12,7,466,2,dark purple,New Zealand
866,2022-08-18,1372,105,2,dark purple,Australia
867,2022-01-12,5250,293,0,pink,United Kingdom
868,2022-08-11,7560,15,3,dark,Canada
869,2022-01-13,5012,384,0,pink,Australia
870,2022-04-29,3038,135,2,dark purple,United Kingdom
871,2022-07-07,1099,92,2,dark purple,New Zealand
872,2022-03-11,7413,4,3,dark,New Zealand
873,2022-02-16,5397,239,0,pink,United Kingdom
874,2022-01-07,2303,33,2,dark purple,Australia
875,2022-01-12,1141,466,2,dark purple,New Zealand
876,2022-06-09,10325,147,3,dark,India
877,2022-05-16,2149,84,2,dark purple,India
878,2022-06-23,12362,94,1,dark pink,United Kingdom
879,2022-01-28,12635,194,1,dark pink,United Kingdom
880,2022-07-14,2443,216,2,dark purple,United Kingdom
881,2022-04-18,6237,247,0,pink,Canada
882,2022-06-14,1736,79,2,dark purple,United States of America
883,2022-04-15,7315,237,3,dark,United Kingdom
884,2022-05-19,4935,63,0,pink,Canada
885,2022-04-13,1393,172,2,dark purple,India
886,2022-08-15,3381,408,2,dark purple,Canada
887,2022-08-22,2933,233,2,dark purple,India
888,2022-04-22,3836,59,0,pink,New Zealand
889,2022-08-03,8022,123,3,dark,United Kingdom
890,2022-01-04,371,229,2,dark purple,New Zealand
891,2022-01-13,16482,198,1,dark pink,Canada
892,2022-05-11,13258,32,1,dark pink,Australia
893,2022-02-16,2058,236,2,dark purple,New Zealand
894,2022-05-20,10192,67,3,dark,United Kingdom
895,2022-02-03,7140,438,0,pink,United Kingdom
896,2022-05-06,9835,167,3,dark,India
897,2022-06-30,5775,135,0,pink,United Kingdom
898,2022-03-22,749,148,2,dark purple,United Kingdom
899,2022-02-17,7770,54,3,dark,Canada
900,2022-07-07,5502,64,0,pink,United Kingdom
901,2022-03-16,6223,181,0,pink,United Kingdom
902,2022-08-12,3507,114,2,dark purple,United Kingdom
903,2022-01-21,5600,181,0,pink,New Zealand
904,2022-05-06,721,151,2,dark purple,Australia
905,2022-06-24,6615,137,0,pink,Canada
906,2022-05-05,7420,163,3,dark,United States of America
907,2022-03-25,3164,84,2,dark purple,New Zealand
908,2022-02-14,9114,140,3,dark,Australia
909,2022-05-12,5404,187,0,pink,New Zealand
910,2022-01-25,3990,169,0,pink,New Zealand
911,2022-06-28,14924,12,1,dark pink,United Kingdom
912,2022-07-13,7091,194,0,pink,Australia
913,2022-05-16,2807,252,2,dark purple,United States of America
914,2022-03-14,6496,168,0,pink,India
915,2022-08-15,3738,261,0,pink,United States of America
916,2022-02-16,1190,256,2,dark purple,India
917,2022-06-15,8379,43,3,dark,United Kingdom
918,2022-05-27,9268,100,3,dark,Australia
919,2022-06-14,1029,98,2,dark purple,United States of America
920,2022-02-25,3549,76,2,dark purple,India
921,2022-08-04,12026,262,1,dark pink,India
922,2022-06-28,2303,244,2,dark purple,India
923,2022-04-05,13405,12,1,dark pink,Canada
924,2022-07-05,14763,113,1,dark pink,Canada
925,2022-01-20,12894,48,1,dark pink,New Zealand
926,2022-02-16,8302,131,3,dark,New Zealand
927,2022-07-12,455,174,2,dark purple,United Kingdom
928,2022-06-16,8183,254,3,dark,India
929,2022-04-13,1645,284,2,dark purple,Australia
930,2022-02-21,3143,67,2,dark purple,United Kingdom
931,2022-05-11,5873,249,0,pink,Canada
932,2022-04-15,11298,313,3,dark,India
933,2022-06-07,12425,167,1,dark pink,Canada
934,2022-06-27,1715,286,2,dark purple,United Kingdom
935,2022-07-29,8190,109,3,dark,India
936,2022-06-02,4991,166,0,pink,Canada
937,2022-01-26,15491,85,1,dark pink,India
938,2022-03-02,5096,142,0,pink,Canada
939,2022-01-10,7063,104,0,pink,Australia
940,2022-06-27,2275,115,2,dark purple,United States of America
941,2022-06-30,7602,18,3,dark,Canada
942,2022-07-08,4200,80,0,pink,Australia
943,2022-06-08,11137,88,3,dark,India
944,2022-08-18,3388,212,2,dark purple,United Kingdom
945,2022-04-08,6832,306,0,pink,Australia
946,2022-08-08,3437,181,2,dark purple,Canada
947,2022-08-26,301,65,2,dark purple,United Kingdom
948,2022-01-14,1869,158,2,dark purple,Canada
949,2022-08-11,16482,271,1,dark pink,United States of America
950,2022-05-31,10143,24,3,dark,United States of America
951,2022-07-11,3626,10,2,dark purple,New Zealand
952,2022-03-02,3346,304,2,dark purple,Canada
953,2022-07-13,6321,88,0,pink,Australia
954,2022-08-03,9345,133,3,dark,United Kingdom
955,2022-03-01,15008,165,1,dark pink,United Kingdom
956,2022-04-13,7609,150,3,dark,New Zealand
957,2022-02-14,10332,180,3,dark,Canada
958,2022-07-26,819,213,2,dark purple,India
959,2022-01-27,5754,133,0,pink,United Kingdom
960,2022-04-14,28,446,2,dark purple,India
961,2022-05-19,6440,141,0,pink,United States of America
962,2022-02-09,4956,58,0,pink,India
963,2022-05-25,2352,58,2,dark purple,United Kingdom
964,2022-01-26,3906,76,0,pink,Australia
965,2022-07-04,1813,296,2,dark purple,India
966,2022-04-13,11788,73,1,dark pink,India
967,2022-01-25,5768,119,0,pink,Australia
968,2022-04-25,2401,78,2,dark purple,United States of America
969,2022-06-10,4515,392,0,pink,United States of America
970,2022-08-22,10794,51,3,dark,New Zealand
971,2022-06-27,13706,207,1,dark pink,India
972,2022-06-30,4361,40,0,pink,India
973,2022-08-30,10122,100,3,dark,India
974,2022-08-23,994,57,2,dark purple,Australia
975,2022-08-26,2268,42,2,dark purple,New Zealand
976,2022-03-09,574,156,2,dark purple,Australia
977,2022-04-20,1792,23,2,dark purple,United Kingdom
978,2022-06-10,4844,466,0,pink,Canada
979,2022-02-08,938,158,2,dark purple,Australia
980,2022-08-25,4879,22,0,pink,Australia
981,2022-02-16,9107,73,3,dark,India
982,2022-05-30,12187,27,1,dark pink,United Kingdom
983,2022-06-29,5670,64,0,pink,New Zealand
984,2022-06-16,476,133,2,dark purple,United States of America
985,2022-03-04,2681,149,2,dark purple,United Kingdom
986,2022-03-15,1533,434,2,dark purple,New Zealand
987,2022-01-27,9765,85,3,dark,New Zealand
988,2022-07-05,994,118,2,dark purple,Canada
989,2022-03-29,3318,299,2,dark purple,United States of America
990,2022-05-12,4214,35,0,pink,Canada
991,2022-03-11,7714,44,3,dark,United States of America
992,2022-07-11,4690,299,0,pink,New Zealand
993,2022-08-01,13062,62,1,dark pink,New Zealand
994,2022-02-16,12488,200,1,dark pink,United Kingdom
995,2022-04-13,14147,235,1,dark pink,United States of America
996,2022-02-14,49,363,2,dark purple,India
997,2022-03-14,10199,68,3,dark,Australia
998,2022-04-26,11389,26,3,dark,Australia
999,2022-04-05,3584,200,2,dark purple,Canada
1000,2022-03-03,12481,264,1,dark pink,Canada
1001,2022-06-13,2107,175,2,dark purple,United States of America
1002,2022-02-14,8603,352,3,dark,New Zealand
1003,2022-04-18,7483,183,3,dark,New Zealand
1004,2022-02-01,3381,417,2,dark purple,New Zealand
1005,2022-08-04,2030,146,2,dark purple,New Zealand
1006,2022-04-05,6559,158,0,pink,New Zealand
1007,2022-01-26,10822,168,3,dark,Australia
1008,2022-01-21,16482,176,1,dark pink,United Kingdom
1009,2022-08-22,5845,172,0,pink,Canada
1010,2022-01-27,2317,224,2,dark purple,United Kingdom
1011,2022-02-16,10150,68,3,dark,United Kingdom
1012,2022-01-03,3437,46,2,dark purple,United States of America
1013,2022-08-24,4592,2,0,pink,United States of America
1014,2022-02-07,5691,417,0,pink,United States of America
1015,2022-02-11,4158,109,0,pink,Australia
1016,2022-03-29,5684,81,0,pink,Canada
1017,2022-06-15,693,350,2,dark purple,United States of America
1018,2022-04-26,546,142,2,dark purple,United Kingdom
1019,2022-07-15,4263,264,0,pink,Australia
1020,2022-06-23,1036,20,2,dark purple,India
1021,2022-01-11,13846,421,1,dark pink,Australia
1022,2022-02-09,2499,271,2,dark purple,United Kingdom
1023,2022-06-06,10689,204,3,dark,United Kingdom
1024,2022-08-10,5768,235,0,pink,United Kingdom
1025,2022-01-04,2226,46,2,dark purple,Australia
1026,2022-04-08,10262,15,3,dark,Canada
1027,2022-03-02,3864,430,0,pink,United Kingdom
1028,2022-06-15,4900,466,0,pink,Canada
1029,2022-02-14,5250,47,0,pink,Australia
1030,2022-07-05,3507,380,2,dark purple,United Kingdom
1031,2022-01-12,7413,465,3,dark,India
1032,2022-03-03,8155,96,3,dark,India
1033,2022-05-18,2478,188,2,dark purple,New Zealand
1034,2022-07-28,2471,202,2,dark purple,India
1035,2022-02-07,1666,106,2,dark purple,United Kingdom
1036,2022-05-30,301,421,2,dark purple,India
1037,2022-04-25,8400,27,3,dark,Australia
1038,2022-02-16,6139,45,0,pink,Canada
1039,2022-05-04,1288,60,2,dark purple,Australia
1040,2022-06-02,7077,77,0,pink,Canada
1041,2022-07-11,2317,464,2,dark purple,United States of America
1042,2022-06-07,63,60,2,dark purple,New Zealand
1043,2022-07-06,9744,157,3,dark,United Kingdom
1044,2022-06-15,9954,154,3,dark,India
1045,2022-04-14,1260,239,2,dark purple,India
1046,2022-08-08,469,163,2,dark purple,India
1047,2022-03-29,973,28,2,dark purple,United Kingdom
1048,2022-07-04,3647,76,2,dark purple,Australia
1049,2022-02-16,455,96,2,dark purple,India
1050,2022-05-02,2520,156,2,dark purple,Canada
1051,2022-07-21,10500,106,3,dark,India
1052,2022-08-18,7952,235,3,dark,Australia
1053,2022-06-22,483,259,2,dark purple,United States of America
1054,2022-07-19,4872,126,0,pink,United Kingdom
1055,2022-08-12,7756,85,3,dark,United Kingdom
1056,2022-06-07,5446,132,0,pink,United States of America
1057,2022-03-08,6594,91,0,pink,Canada
1058,2022-04-08,1470,167,2,dark purple,Australia
1059,2022-05-06,721,203,2,dark purple,Canada
1060,2022-05-31,4494,11,0,pink,India
1061,2022-01-13,2674,295,2,dark purple,Australia
1062,2022-03-15,658,77,2,dark purple,United States of America
1063,2022-02-16,1127,319,2,dark purple,Canada
1064,2022-01-14,7364,196,3,dark,United States of America
1065,2022-03-21,6818,102,0,pink,Australia
1066,2022-05-17,6776,312,0,pink,Canada
1067,2022-08-08,15099,55,1,dark pink,New Zealand
1068,2022-04-26,3612,82,2,dark purple,Canada
1069,2022-04-15,3710,260,0,pink,Australia
1070,2022-05-19,6111,466,0,pink,Canada
1071,2022-01-10,2702,24,2,dark purple,Canada
1072,2022-05-04,483,228,2,dark purple,New Zealand
1073,2022-04-05,5887,268,0,pink,Canada
1074,2022-01-17,952,68,2,dark purple,India
1075,2022-03-22,10647,173,3,dark,India
1076,2022-07-05,6055,93,0,pink,Australia
1077,2022-04-27,8757,338,3,dark,Canada
1078,2022-08-12,6055,73,0,pink,Canada
1079,2022-03-11,721,251,2,dark purple,United Kingdom
1080,2022-05-13,8589,229,3,dark,United Kingdom
1081,2022-05-12,11781,91,1,dark pink,United States of America
1082,2022-01-12,672,194,2,dark purple,United States of America
1083,2022-03-29,12558,403,1,dark pink,New Zealand
1084,2022-03-14,8337,12,3,dark,India
1085,2022-05-24,8134,195,3,dark,New Zealand
1086,2022-01-28,8491,75,3,dark,Canada
1087,2022-05-24,3066,96,2,dark purple,India
1088,2022-08-19,301,205,2,dark purple,Australia
1089,2022-05-17,4410,323,0,pink,Australia
1090,2022-06-07,6559,119,0,pink,United States of America
1091,2022-07-26,574,217,2,dark purple,Canada
1092,2022-07-28,2086,384,2,dark purple,India
1093,2022-05-23,5075,344,0,pink,India
